"id","image","groups","path","dimension","active","update"
208,"dessert18.jpg",4,"/assets/images/foodish/dessert/dessert18.jpg",,1,"2022-02-02"
209,"dessert19.jpg",4,"/assets/images/foodish/dessert/dessert19.jpg",,1,"2022-02-02"
210,"dessert2.jpg",4,"/assets/images/foodish/dessert/dessert2.jpg",,1,"2022-02-02"
211,"dessert20.jpg",4,"/assets/images/foodish/dessert/dessert20.jpg",,1,"2022-02-02"
212,"dessert21.jpg",4,"/assets/images/foodish/dessert/dessert21.jpg",,1,"2022-02-02"
213,"dessert22.jpg",4,"/assets/images/foodish/dessert/dessert22.jpg",,1,"2022-02-02"
214,"dessert23.jpg",4,"/assets/images/foodish/dessert/dessert23.jpg",,1,"2022-02-02"
215,"dessert24.jpg",4,"/assets/images/foodish/dessert/dessert24.jpg",,1,"2022-02-02"
253,"dosa24.jpg",5,"/assets/images/foodish/dosa/dosa24.jpg",,1,"2022-02-02"
254,"dosa25.jpg",5,"/assets/images/foodish/dosa/dosa25.jpg",,1,"2022-02-02"
255,"dosa26.jpg",5,"/assets/images/foodish/dosa/dosa26.jpg",,1,"2022-02-02"
256,"dosa27.jpg",5,"/assets/images/foodish/dosa/dosa27.jpg",,1,"2022-02-02"
257,"dosa28.jpg",5,"/assets/images/foodish/dosa/dosa28.jpg",,1,"2022-02-02"
258,"dosa29.jpg",5,"/assets/images/foodish/dosa/dosa29.jpg",,1,"2022-02-02"
259,"dosa3.jpg",5,"/assets/images/foodish/dosa/dosa3.jpg",,1,"2022-02-02"
260,"dosa30.jpg",5,"/assets/images/foodish/dosa/dosa30.jpg",,1,"2022-02-02"
261,"dosa31.jpg",5,"/assets/images/foodish/dosa/dosa31.jpg",,1,"2022-02-02"
284,"dosa52.jpg",5,"/assets/images/foodish/dosa/dosa52.jpg",,1,"2022-02-02"
285,"dosa53.jpg",5,"/assets/images/foodish/dosa/dosa53.jpg",,1,"2022-02-02"
286,"dosa54.jpg",5,"/assets/images/foodish/dosa/dosa54.jpg",,1,"2022-02-02"
287,"dosa55.jpg",5,"/assets/images/foodish/dosa/dosa55.jpg",,1,"2022-02-02"
288,"dosa56.jpg",5,"/assets/images/foodish/dosa/dosa56.jpg",,1,"2022-02-02"
289,"dosa57.jpg",5,"/assets/images/foodish/dosa/dosa57.jpg",,1,"2022-02-02"
290,"dosa58.jpg",5,"/assets/images/foodish/dosa/dosa58.jpg",,1,"2022-02-02"
102,"burger24.jpg",2,"/assets/images/foodish/burger/burger24.jpg",,1,"2022-02-02"
103,"burger25.jpg",2,"/assets/images/foodish/burger/burger25.jpg",,1,"2022-02-02"
104,"burger26.jpg",2,"/assets/images/foodish/burger/burger26.jpg",,1,"2022-02-02"
105,"burger27.jpg",2,"/assets/images/foodish/burger/burger27.jpg",,1,"2022-02-02"
106,"burger28.jpg",2,"/assets/images/foodish/burger/burger28.jpg",,1,"2022-02-02"
107,"burger29.jpg",2,"/assets/images/foodish/burger/burger29.jpg",,1,"2022-02-02"
108,"burger3.jpg",2,"/assets/images/foodish/burger/burger3.jpg",,1,"2022-02-02"
109,"burger30.jpg",2,"/assets/images/foodish/burger/burger30.jpg",,1,"2022-02-02"
110,"burger31.jpg",2,"/assets/images/foodish/burger/burger31.jpg",,1,"2022-02-02"
291,"dosa59.jpg",5,"/assets/images/foodish/dosa/dosa59.jpg",,1,"2022-02-02"
292,"dosa6.jpg",5,"/assets/images/foodish/dosa/dosa6.jpg",,1,"2022-02-02"
448,"pizza2.jpg",8,"/assets/images/foodish/pizza/pizza2.jpg",,1,"2022-02-02"
449,"pizza20.jpg",8,"/assets/images/foodish/pizza/pizza20.jpg",,1,"2022-02-02"
450,"pizza21.jpg",8,"/assets/images/foodish/pizza/pizza21.jpg",,1,"2022-02-02"
451,"pizza22.jpg",8,"/assets/images/foodish/pizza/pizza22.jpg",,1,"2022-02-02"
552,"rice26.jpg",9,"/assets/images/foodish/rice/rice26.jpg",,1,"2022-02-02"
553,"rice27.jpg",9,"/assets/images/foodish/rice/rice27.jpg",,1,"2022-02-02"
554,"rice28.jpg",9,"/assets/images/foodish/rice/rice28.jpg",,1,"2022-02-02"
555,"rice29.jpg",9,"/assets/images/foodish/rice/rice29.jpg",,1,"2022-02-02"
534,"rice1.jpg",9,"/assets/images/foodish/rice/rice1.jpg",,1,"2022-02-02"
535,"rice10.jpg",9,"/assets/images/foodish/rice/rice10.jpg",,1,"2022-02-02"
293,"dosa60.jpg",5,"/assets/images/foodish/dosa/dosa60.jpg",,1,"2022-02-02"
294,"dosa61.jpg",5,"/assets/images/foodish/dosa/dosa61.jpg",,1,"2022-02-02"
588,"samosa5.jpg",10,"/assets/images/foodish/samosa/samosa5.jpg",,1,"2022-02-02"
245,"dosa17.jpg",5,"/assets/images/foodish/dosa/dosa17.jpg",,1,"2022-02-02"
246,"dosa18.jpg",5,"/assets/images/foodish/dosa/dosa18.jpg",,1,"2022-02-02"
312,"dosa78.jpg",5,"/assets/images/foodish/dosa/dosa78.jpg",,1,"2022-02-02"
268,"dosa38.jpg",5,"/assets/images/foodish/dosa/dosa38.jpg",,1,"2022-02-02"
269,"dosa39.jpg",5,"/assets/images/foodish/dosa/dosa39.jpg",,1,"2022-02-02"
270,"dosa4.jpg",5,"/assets/images/foodish/dosa/dosa4.jpg",,1,"2022-02-02"
589,"samosa6.jpg",10,"/assets/images/foodish/samosa/samosa6.jpg",,1,"2022-02-02"
590,"samosa7.jpg",10,"/assets/images/foodish/samosa/samosa7.jpg",,1,"2022-02-02"
273,"dosa42.jpg",5,"/assets/images/foodish/dosa/dosa42.jpg",,1,"2022-02-02"
335,"idly21.jpg",6,"/assets/images/foodish/idly/idly21.jpg",,1,"2022-02-02"
345,"idly30.jpg",6,"/assets/images/foodish/idly/idly30.jpg",,1,"2022-02-02"
346,"idly31.jpg",6,"/assets/images/foodish/idly/idly31.jpg",,1,"2022-02-02"
347,"idly32.jpg",6,"/assets/images/foodish/idly/idly32.jpg",,1,"2022-02-02"
348,"idly33.jpg",6,"/assets/images/foodish/idly/idly33.jpg",,1,"2022-02-02"
349,"idly34.jpg",6,"/assets/images/foodish/idly/idly34.jpg",,1,"2022-02-02"
350,"idly35.jpg",6,"/assets/images/foodish/idly/idly35.jpg",,1,"2022-02-02"
351,"idly36.jpg",6,"/assets/images/foodish/idly/idly36.jpg",,1,"2022-02-02"
352,"idly37.jpg",6,"/assets/images/foodish/idly/idly37.jpg",,1,"2022-02-02"
303,"dosa7.jpg",5,"/assets/images/foodish/dosa/dosa7.jpg",,1,"2022-02-02"
556,"rice3.jpg",9,"/assets/images/foodish/rice/rice3.jpg",,1,"2022-02-02"
557,"rice30.jpg",9,"/assets/images/foodish/rice/rice30.jpg",,1,"2022-02-02"
541,"rice16.jpg",9,"/assets/images/foodish/rice/rice16.jpg",,1,"2022-02-02"
542,"rice17.jpg",9,"/assets/images/foodish/rice/rice17.jpg",,1,"2022-02-02"
543,"rice18.jpg",9,"/assets/images/foodish/rice/rice18.jpg",,1,"2022-02-02"
544,"rice19.jpg",9,"/assets/images/foodish/rice/rice19.jpg",,1,"2022-02-02"
563,"rice4.jpg",9,"/assets/images/foodish/rice/rice4.jpg",,1,"2022-02-02"
564,"rice5.jpg",9,"/assets/images/foodish/rice/rice5.jpg",,1,"2022-02-02"
591,"samosa8.jpg",10,"/assets/images/foodish/samosa/samosa8.jpg",,1,"2022-02-02"
592,"samosa9.jpg",10,"/assets/images/foodish/samosa/samosa9.jpg",,1,"2022-02-02"
175,"butter-chicken1.jpg",3,"/assets/images/foodish/butter-chicken/butter-chicken1.jpg",,1,"2022-02-02"
176,"butter-chicken10.jpg",3,"/assets/images/foodish/butter-chicken/butter-chicken10.jpg",,1,"2022-02-02"
177,"butter-chicken11.jpg",3,"/assets/images/foodish/butter-chicken/butter-chicken11.jpg",,1,"2022-02-02"
178,"butter-chicken12.jpg",3,"/assets/images/foodish/butter-chicken/butter-chicken12.jpg",,1,"2022-02-02"
179,"butter-chicken13.jpg",3,"/assets/images/foodish/butter-chicken/butter-chicken13.jpg",,1,"2022-02-02"
199,"dessert1.jpg",4,"/assets/images/foodish/dessert/dessert1.jpg",,1,"2022-02-02"
200,"dessert10.jpg",4,"/assets/images/foodish/dessert/dessert10.jpg",,1,"2022-02-02"
201,"dessert11.jpg",4,"/assets/images/foodish/dessert/dessert11.jpg",,1,"2022-02-02"
202,"dessert12.jpg",4,"/assets/images/foodish/dessert/dessert12.jpg",,1,"2022-02-02"
203,"dessert13.jpg",4,"/assets/images/foodish/dessert/dessert13.jpg",,1,"2022-02-02"
204,"dessert14.jpg",4,"/assets/images/foodish/dessert/dessert14.jpg",,1,"2022-02-02"
205,"dessert15.jpg",4,"/assets/images/foodish/dessert/dessert15.jpg",,1,"2022-02-02"
206,"dessert16.jpg",4,"/assets/images/foodish/dessert/dessert16.jpg",,1,"2022-02-02"
207,"dessert17.jpg",4,"/assets/images/foodish/dessert/dessert17.jpg",,1,"2022-02-02"
304,"dosa70.jpg",5,"/assets/images/foodish/dosa/dosa70.jpg",,1,"2022-02-02"
305,"dosa71.jpg",5,"/assets/images/foodish/dosa/dosa71.jpg",,1,"2022-02-02"
306,"dosa72.jpg",5,"/assets/images/foodish/dosa/dosa72.jpg",,1,"2022-02-02"
307,"dosa73.jpg",5,"/assets/images/foodish/dosa/dosa73.jpg",,1,"2022-02-02"
308,"dosa74.jpg",5,"/assets/images/foodish/dosa/dosa74.jpg",,1,"2022-02-02"
309,"dosa75.jpg",5,"/assets/images/foodish/dosa/dosa75.jpg",,1,"2022-02-02"
310,"dosa76.jpg",5,"/assets/images/foodish/dosa/dosa76.jpg",,1,"2022-02-02"
311,"dosa77.jpg",5,"/assets/images/foodish/dosa/dosa77.jpg",,1,"2022-02-02"
313,"dosa79.jpg",5,"/assets/images/foodish/dosa/dosa79.jpg",,1,"2022-02-02"
452,"pizza23.jpg",8,"/assets/images/foodish/pizza/pizza23.jpg",,1,"2022-02-02"
459,"pizza3.jpg",8,"/assets/images/foodish/pizza/pizza3.jpg",,1,"2022-02-02"
460,"pizza30.jpg",8,"/assets/images/foodish/pizza/pizza30.jpg",,1,"2022-02-02"
461,"pizza31.jpg",8,"/assets/images/foodish/pizza/pizza31.jpg",,1,"2022-02-02"
571,"samosa1.jpg",10,"/assets/images/foodish/samosa/samosa1.jpg",,1,"2022-02-02"
572,"samosa10.jpg",10,"/assets/images/foodish/samosa/samosa10.jpg",,1,"2022-02-02"
573,"samosa11.jpg",10,"/assets/images/foodish/samosa/samosa11.jpg",,1,"2022-02-02"
574,"samosa12.jpg",10,"/assets/images/foodish/samosa/samosa12.jpg",,1,"2022-02-02"
582,"samosa2.jpg",10,"/assets/images/foodish/samosa/samosa2.jpg",,1,"2022-02-02"
583,"samosa20.jpg",10,"/assets/images/foodish/samosa/samosa20.jpg",,1,"2022-02-02"
584,"samosa21.jpg",10,"/assets/images/foodish/samosa/samosa21.jpg",,1,"2022-02-02"
585,"samosa22.jpg",10,"/assets/images/foodish/samosa/samosa22.jpg",,1,"2022-02-02"
586,"samosa3.jpg",10,"/assets/images/foodish/samosa/samosa3.jpg",,1,"2022-02-02"
276,"dosa45.jpg",5,"/assets/images/foodish/dosa/dosa45.jpg",,1,"2022-02-02"
263,"dosa33.jpg",5,"/assets/images/foodish/dosa/dosa33.jpg",,1,"2022-02-02"
143,"burger61.jpg",2,"/assets/images/foodish/burger/burger61.jpg",,1,"2022-02-02"
144,"burger62.jpg",2,"/assets/images/foodish/burger/burger62.jpg",,1,"2022-02-02"
145,"burger63.jpg",2,"/assets/images/foodish/burger/burger63.jpg",,1,"2022-02-02"
146,"burger64.jpg",2,"/assets/images/foodish/burger/burger64.jpg",,1,"2022-02-02"
3,"biryani1.jpg",1,"/assets/images/foodish/biryani/biryani1.jpg",,1,"2022-02-02"
4,"biryani10.jpg",1,"/assets/images/foodish/biryani/biryani10.jpg",,1,"2022-02-02"
5,"biryani11.jpg",1,"/assets/images/foodish/biryani/biryani11.jpg",,1,"2022-02-02"
6,"biryani12.jpg",1,"/assets/images/foodish/biryani/biryani12.jpg",,1,"2022-02-02"
547,"rice21.jpg",9,"/assets/images/foodish/rice/rice21.jpg",,1,"2022-02-02"
548,"rice22.jpg",9,"/assets/images/foodish/rice/rice22.jpg",,1,"2022-02-02"
549,"rice23.jpg",9,"/assets/images/foodish/rice/rice23.jpg",,1,"2022-02-02"
550,"rice24.jpg",9,"/assets/images/foodish/rice/rice24.jpg",,1,"2022-02-02"
22,"biryani27.jpg",1,"/assets/images/foodish/biryani/biryani27.jpg",,1,"2022-02-02"
23,"biryani28.jpg",1,"/assets/images/foodish/biryani/biryani28.jpg",,1,"2022-02-02"
24,"biryani29.jpg",1,"/assets/images/foodish/biryani/biryani29.jpg",,1,"2022-02-02"
25,"biryani3.jpg",1,"/assets/images/foodish/biryani/biryani3.jpg",,1,"2022-02-02"
26,"biryani30.jpg",1,"/assets/images/foodish/biryani/biryani30.jpg",,1,"2022-02-02"
27,"biryani31.jpg",1,"/assets/images/foodish/biryani/biryani31.jpg",,1,"2022-02-02"
180,"butter-chicken14.jpg",3,"/assets/images/foodish/butter-chicken/butter-chicken14.jpg",,1,"2022-02-02"
181,"butter-chicken15.jpg",3,"/assets/images/foodish/butter-chicken/butter-chicken15.jpg",,1,"2022-02-02"
182,"butter-chicken16.jpg",3,"/assets/images/foodish/butter-chicken/butter-chicken16.jpg",,1,"2022-02-02"
230,"dessert5.jpg",4,"/assets/images/foodish/dessert/dessert5.jpg",,1,"2022-02-02"
111,"burger32.jpg",2,"/assets/images/foodish/burger/burger32.jpg",,1,"2022-02-02"
112,"burger33.jpg",2,"/assets/images/foodish/burger/burger33.jpg",,1,"2022-02-02"
113,"burger34.jpg",2,"/assets/images/foodish/burger/burger34.jpg",,1,"2022-02-02"
114,"burger35.jpg",2,"/assets/images/foodish/burger/burger35.jpg",,1,"2022-02-02"
115,"burger36.jpg",2,"/assets/images/foodish/burger/burger36.jpg",,1,"2022-02-02"
116,"burger37.jpg",2,"/assets/images/foodish/burger/burger37.jpg",,1,"2022-02-02"
117,"burger38.jpg",2,"/assets/images/foodish/burger/burger38.jpg",,1,"2022-02-02"
118,"burger39.jpg",2,"/assets/images/foodish/burger/burger39.jpg",,1,"2022-02-02"
119,"burger4.jpg",2,"/assets/images/foodish/burger/burger4.jpg",,1,"2022-02-02"
120,"burger40.jpg",2,"/assets/images/foodish/burger/burger40.jpg",,1,"2022-02-02"
121,"burger41.jpg",2,"/assets/images/foodish/burger/burger41.jpg",,1,"2022-02-02"
122,"burger42.jpg",2,"/assets/images/foodish/burger/burger42.jpg",,1,"2022-02-02"
123,"burger43.jpg",2,"/assets/images/foodish/burger/burger43.jpg",,1,"2022-02-02"
231,"dessert6.jpg",4,"/assets/images/foodish/dessert/dessert6.jpg",,1,"2022-02-02"
216,"dessert25.jpg",4,"/assets/images/foodish/dessert/dessert25.jpg",,1,"2022-02-02"
217,"dessert26.jpg",4,"/assets/images/foodish/dessert/dessert26.jpg",,1,"2022-02-02"
366,"idly5.jpg",6,"/assets/images/foodish/idly/idly5.jpg",,1,"2022-02-02"
367,"idly50.jpg",6,"/assets/images/foodish/idly/idly50.jpg",,1,"2022-02-02"
368,"idly51.jpg",6,"/assets/images/foodish/idly/idly51.jpg",,1,"2022-02-02"
369,"idly52.jpg",6,"/assets/images/foodish/idly/idly52.jpg",,1,"2022-02-02"
370,"idly53.jpg",6,"/assets/images/foodish/idly/idly53.jpg",,1,"2022-02-02"
395,"idly76.jpg",6,"/assets/images/foodish/idly/idly76.jpg",,1,"2022-02-02"
396,"idly77.jpg",6,"/assets/images/foodish/idly/idly77.jpg",,1,"2022-02-02"
521,"pizza86.jpg",8,"/assets/images/foodish/pizza/pizza86.jpg",,1,"2022-02-02"
522,"pizza87.jpg",8,"/assets/images/foodish/pizza/pizza87.jpg",,1,"2022-02-02"
551,"rice25.jpg",9,"/assets/images/foodish/rice/rice25.jpg",,1,"2022-02-02"
587,"samosa4.jpg",10,"/assets/images/foodish/samosa/samosa4.jpg",,1,"2022-02-02"
7,"biryani13.jpg",1,"/assets/images/foodish/biryani/biryani13.jpg",,1,"2022-02-02"
8,"biryani14.jpg",1,"/assets/images/foodish/biryani/biryani14.jpg",,1,"2022-02-02"
9,"biryani15.jpg",1,"/assets/images/foodish/biryani/biryani15.jpg",,1,"2022-02-02"
10,"biryani16.jpg",1,"/assets/images/foodish/biryani/biryani16.jpg",,1,"2022-02-02"
11,"biryani17.jpg",1,"/assets/images/foodish/biryani/biryani17.jpg",,1,"2022-02-02"
12,"biryani18.jpg",1,"/assets/images/foodish/biryani/biryani18.jpg",,1,"2022-02-02"
13,"biryani19.jpg",1,"/assets/images/foodish/biryani/biryani19.jpg",,1,"2022-02-02"
397,"idly8.jpg",6,"/assets/images/foodish/idly/idly8.jpg",,1,"2022-02-02"
398,"idly9.jpg",6,"/assets/images/foodish/idly/idly9.jpg",,1,"2022-02-02"
28,"biryani32.jpg",1,"/assets/images/foodish/biryani/biryani32.jpg",,1,"2022-02-02"
29,"biryani33.jpg",1,"/assets/images/foodish/biryani/biryani33.jpg",,1,"2022-02-02"
30,"biryani34.jpg",1,"/assets/images/foodish/biryani/biryani34.jpg",,1,"2022-02-02"
31,"biryani35.jpg",1,"/assets/images/foodish/biryani/biryani35.jpg",,1,"2022-02-02"
32,"biryani36.jpg",1,"/assets/images/foodish/biryani/biryani36.jpg",,1,"2022-02-02"
33,"biryani37.jpg",1,"/assets/images/foodish/biryani/biryani37.jpg",,1,"2022-02-02"
34,"biryani38.jpg",1,"/assets/images/foodish/biryani/biryani38.jpg",,1,"2022-02-02"
35,"biryani39.jpg",1,"/assets/images/foodish/biryani/biryani39.jpg",,1,"2022-02-02"
36,"biryani4.jpg",1,"/assets/images/foodish/biryani/biryani4.jpg",,1,"2022-02-02"
37,"biryani40.jpg",1,"/assets/images/foodish/biryani/biryani40.jpg",,1,"2022-02-02"
38,"biryani41.jpg",1,"/assets/images/foodish/biryani/biryani41.jpg",,1,"2022-02-02"
39,"biryani42.jpg",1,"/assets/images/foodish/biryani/biryani42.jpg",,1,"2022-02-02"
40,"biryani43.jpg",1,"/assets/images/foodish/biryani/biryani43.jpg",,1,"2022-02-02"
41,"biryani44.jpg",1,"/assets/images/foodish/biryani/biryani44.jpg",,1,"2022-02-02"
42,"biryani45.jpg",1,"/assets/images/foodish/biryani/biryani45.jpg",,1,"2022-02-02"
43,"biryani46.jpg",1,"/assets/images/foodish/biryani/biryani46.jpg",,1,"2022-02-02"
44,"biryani47.jpg",1,"/assets/images/foodish/biryani/biryani47.jpg",,1,"2022-02-02"
45,"biryani48.jpg",1,"/assets/images/foodish/biryani/biryani48.jpg",,1,"2022-02-02"
55,"biryani57.jpg",1,"/assets/images/foodish/biryani/biryani57.jpg",,1,"2022-02-02"
56,"biryani58.jpg",1,"/assets/images/foodish/biryani/biryani58.jpg",,1,"2022-02-02"
57,"biryani59.jpg",1,"/assets/images/foodish/biryani/biryani59.jpg",,1,"2022-02-02"
58,"biryani6.jpg",1,"/assets/images/foodish/biryani/biryani6.jpg",,1,"2022-02-02"
59,"biryani60.jpg",1,"/assets/images/foodish/biryani/biryani60.jpg",,1,"2022-02-02"
60,"biryani61.jpg",1,"/assets/images/foodish/biryani/biryani61.jpg",,1,"2022-02-02"
61,"biryani62.jpg",1,"/assets/images/foodish/biryani/biryani62.jpg",,1,"2022-02-02"
62,"biryani63.jpg",1,"/assets/images/foodish/biryani/biryani63.jpg",,1,"2022-02-02"
63,"biryani64.jpg",1,"/assets/images/foodish/biryani/biryani64.jpg",,1,"2022-02-02"
64,"biryani65.jpg",1,"/assets/images/foodish/biryani/biryani65.jpg",,1,"2022-02-02"
65,"biryani66.jpg",1,"/assets/images/foodish/biryani/biryani66.jpg",,1,"2022-02-02"
66,"biryani67.jpg",1,"/assets/images/foodish/biryani/biryani67.jpg",,1,"2022-02-02"
67,"biryani68.jpg",1,"/assets/images/foodish/biryani/biryani68.jpg",,1,"2022-02-02"
68,"biryani69.jpg",1,"/assets/images/foodish/biryani/biryani69.jpg",,1,"2022-02-02"
69,"biryani7.jpg",1,"/assets/images/foodish/biryani/biryani7.jpg",,1,"2022-02-02"
70,"biryani70.jpg",1,"/assets/images/foodish/biryani/biryani70.jpg",,1,"2022-02-02"
71,"biryani71.jpg",1,"/assets/images/foodish/biryani/biryani71.jpg",,1,"2022-02-02"
72,"biryani72.jpg",1,"/assets/images/foodish/biryani/biryani72.jpg",,1,"2022-02-02"
73,"biryani73.jpg",1,"/assets/images/foodish/biryani/biryani73.jpg",,1,"2022-02-02"
74,"biryani74.jpg",1,"/assets/images/foodish/biryani/biryani74.jpg",,1,"2022-02-02"
75,"biryani75.jpg",1,"/assets/images/foodish/biryani/biryani75.jpg",,1,"2022-02-02"
76,"biryani76.jpg",1,"/assets/images/foodish/biryani/biryani76.jpg",,1,"2022-02-02"
264,"dosa34.jpg",5,"/assets/images/foodish/dosa/dosa34.jpg",,1,"2022-02-02"
265,"dosa35.jpg",5,"/assets/images/foodish/dosa/dosa35.jpg",,1,"2022-02-02"
266,"dosa36.jpg",5,"/assets/images/foodish/dosa/dosa36.jpg",,1,"2022-02-02"
267,"dosa37.jpg",5,"/assets/images/foodish/dosa/dosa37.jpg",,1,"2022-02-02"
124,"burger44.jpg",2,"/assets/images/foodish/burger/burger44.jpg",,1,"2022-02-02"
125,"burger45.jpg",2,"/assets/images/foodish/burger/burger45.jpg",,1,"2022-02-02"
126,"burger46.jpg",2,"/assets/images/foodish/burger/burger46.jpg",,1,"2022-02-02"
127,"burger47.jpg",2,"/assets/images/foodish/burger/burger47.jpg",,1,"2022-02-02"
128,"burger48.jpg",2,"/assets/images/foodish/burger/burger48.jpg",,1,"2022-02-02"
129,"burger49.jpg",2,"/assets/images/foodish/burger/burger49.jpg",,1,"2022-02-02"
130,"burger5.jpg",2,"/assets/images/foodish/burger/burger5.jpg",,1,"2022-02-02"
131,"burger50.jpg",2,"/assets/images/foodish/burger/burger50.jpg",,1,"2022-02-02"
193,"butter-chicken6.jpg",3,"/assets/images/foodish/butter-chicken/butter-chicken6.jpg",,1,"2022-02-02"
194,"butter-chicken7.jpg",3,"/assets/images/foodish/butter-chicken/butter-chicken7.jpg",,1,"2022-02-02"
195,"butter-chicken8.jpg",3,"/assets/images/foodish/butter-chicken/butter-chicken8.jpg",,1,"2022-02-02"
196,"butter-chicken9.jpg",3,"/assets/images/foodish/butter-chicken/butter-chicken9.jpg",,1,"2022-02-02"
390,"idly71.jpg",6,"/assets/images/foodish/idly/idly71.jpg",,1,"2022-02-02"
391,"idly72.jpg",6,"/assets/images/foodish/idly/idly72.jpg",,1,"2022-02-02"
183,"butter-chicken17.jpg",3,"/assets/images/foodish/butter-chicken/butter-chicken17.jpg",,1,"2022-02-02"
184,"butter-chicken18.jpg",3,"/assets/images/foodish/butter-chicken/butter-chicken18.jpg",,1,"2022-02-02"
185,"butter-chicken19.jpg",3,"/assets/images/foodish/butter-chicken/butter-chicken19.jpg",,1,"2022-02-02"
218,"dessert27.jpg",4,"/assets/images/foodish/dessert/dessert27.jpg",,1,"2022-02-02"
219,"dessert28.jpg",4,"/assets/images/foodish/dessert/dessert28.jpg",,1,"2022-02-02"
401,"pasta1.jpg",7,"/assets/images/foodish/pasta/pasta1.jpg",,1,"2022-02-02"
402,"pasta10.jpg",7,"/assets/images/foodish/pasta/pasta10.jpg",,1,"2022-02-02"
403,"pasta11.jpg",7,"/assets/images/foodish/pasta/pasta11.jpg",,1,"2022-02-02"
404,"pasta12.jpg",7,"/assets/images/foodish/pasta/pasta12.jpg",,1,"2022-02-02"
405,"pasta13.jpg",7,"/assets/images/foodish/pasta/pasta13.jpg",,1,"2022-02-02"
406,"pasta14.jpg",7,"/assets/images/foodish/pasta/pasta14.jpg",,1,"2022-02-02"
407,"pasta15.jpg",7,"/assets/images/foodish/pasta/pasta15.jpg",,1,"2022-02-02"
408,"pasta16.jpg",7,"/assets/images/foodish/pasta/pasta16.jpg",,1,"2022-02-02"
409,"pasta17.jpg",7,"/assets/images/foodish/pasta/pasta17.jpg",,1,"2022-02-02"
220,"dessert29.jpg",4,"/assets/images/foodish/dessert/dessert29.jpg",,1,"2022-02-02"
221,"dessert3.jpg",4,"/assets/images/foodish/dessert/dessert3.jpg",,1,"2022-02-02"
271,"dosa40.jpg",5,"/assets/images/foodish/dosa/dosa40.jpg",,1,"2022-02-02"
272,"dosa41.jpg",5,"/assets/images/foodish/dosa/dosa41.jpg",,1,"2022-02-02"
274,"dosa43.jpg",5,"/assets/images/foodish/dosa/dosa43.jpg",,1,"2022-02-02"
132,"burger51.jpg",2,"/assets/images/foodish/burger/burger51.jpg",,1,"2022-02-02"
133,"burger52.jpg",2,"/assets/images/foodish/burger/burger52.jpg",,1,"2022-02-02"
134,"burger53.jpg",2,"/assets/images/foodish/burger/burger53.jpg",,1,"2022-02-02"
86,"burger1.jpg",2,"/assets/images/foodish/burger/burger1.jpg",,1,"2022-02-02"
135,"burger54.jpg",2,"/assets/images/foodish/burger/burger54.jpg",,1,"2022-02-02"
136,"burger55.jpg",2,"/assets/images/foodish/burger/burger55.jpg",,1,"2022-02-02"
137,"burger56.jpg",2,"/assets/images/foodish/burger/burger56.jpg",,1,"2022-02-02"
138,"burger57.jpg",2,"/assets/images/foodish/burger/burger57.jpg",,1,"2022-02-02"
139,"burger58.jpg",2,"/assets/images/foodish/burger/burger58.jpg",,1,"2022-02-02"
155,"burger72.jpg",2,"/assets/images/foodish/burger/burger72.jpg",,1,"2022-02-02"
156,"burger73.jpg",2,"/assets/images/foodish/burger/burger73.jpg",,1,"2022-02-02"
157,"burger74.jpg",2,"/assets/images/foodish/burger/burger74.jpg",,1,"2022-02-02"
158,"burger75.jpg",2,"/assets/images/foodish/burger/burger75.jpg",,1,"2022-02-02"
159,"burger76.jpg",2,"/assets/images/foodish/burger/burger76.jpg",,1,"2022-02-02"
161,"burger78.jpg",2,"/assets/images/foodish/burger/burger78.jpg",,1,"2022-02-02"
314,"dosa8.jpg",5,"/assets/images/foodish/dosa/dosa8.jpg",,1,"2022-02-02"
315,"dosa80.jpg",5,"/assets/images/foodish/dosa/dosa80.jpg",,1,"2022-02-02"
316,"dosa81.jpg",5,"/assets/images/foodish/dosa/dosa81.jpg",,1,"2022-02-02"
317,"dosa82.jpg",5,"/assets/images/foodish/dosa/dosa82.jpg",,1,"2022-02-02"
318,"dosa83.jpg",5,"/assets/images/foodish/dosa/dosa83.jpg",,1,"2022-02-02"
319,"dosa9.jpg",5,"/assets/images/foodish/dosa/dosa9.jpg",,1,"2022-02-02"
237,"dosa1.jpg",5,"/assets/images/foodish/dosa/dosa1.jpg",,1,"2022-02-02"
238,"dosa10.jpg",5,"/assets/images/foodish/dosa/dosa10.jpg",,1,"2022-02-02"
239,"dosa11.jpg",5,"/assets/images/foodish/dosa/dosa11.jpg",,1,"2022-02-02"
240,"dosa12.jpg",5,"/assets/images/foodish/dosa/dosa12.jpg",,1,"2022-02-02"
241,"dosa13.jpg",5,"/assets/images/foodish/dosa/dosa13.jpg",,1,"2022-02-02"
242,"dosa14.jpg",5,"/assets/images/foodish/dosa/dosa14.jpg",,1,"2022-02-02"
243,"dosa15.jpg",5,"/assets/images/foodish/dosa/dosa15.jpg",,1,"2022-02-02"
244,"dosa16.jpg",5,"/assets/images/foodish/dosa/dosa16.jpg",,1,"2022-02-02"
275,"dosa44.jpg",5,"/assets/images/foodish/dosa/dosa44.jpg",,1,"2022-02-02"
392,"idly73.jpg",6,"/assets/images/foodish/idly/idly73.jpg",,1,"2022-02-02"
393,"idly74.jpg",6,"/assets/images/foodish/idly/idly74.jpg",,1,"2022-02-02"
394,"idly75.jpg",6,"/assets/images/foodish/idly/idly75.jpg",,1,"2022-02-02"
77,"biryani77.jpg",1,"/assets/images/foodish/biryani/biryani77.jpg",,1,"2022-02-02"
78,"biryani78.jpg",1,"/assets/images/foodish/biryani/biryani78.jpg",,1,"2022-02-02"
79,"biryani79.jpg",1,"/assets/images/foodish/biryani/biryani79.jpg",,1,"2022-02-02"
80,"biryani8.jpg",1,"/assets/images/foodish/biryani/biryani8.jpg",,1,"2022-02-02"
277,"dosa46.jpg",5,"/assets/images/foodish/dosa/dosa46.jpg",,1,"2022-02-02"
278,"dosa47.jpg",5,"/assets/images/foodish/dosa/dosa47.jpg",,1,"2022-02-02"
279,"dosa48.jpg",5,"/assets/images/foodish/dosa/dosa48.jpg",,1,"2022-02-02"
280,"dosa49.jpg",5,"/assets/images/foodish/dosa/dosa49.jpg",,1,"2022-02-02"
281,"dosa5.jpg",5,"/assets/images/foodish/dosa/dosa5.jpg",,1,"2022-02-02"
282,"dosa50.jpg",5,"/assets/images/foodish/dosa/dosa50.jpg",,1,"2022-02-02"
283,"dosa51.jpg",5,"/assets/images/foodish/dosa/dosa51.jpg",,1,"2022-02-02"
336,"idly22.jpg",6,"/assets/images/foodish/idly/idly22.jpg",,1,"2022-02-02"
371,"idly54.jpg",6,"/assets/images/foodish/idly/idly54.jpg",,1,"2022-02-02"
372,"idly55.jpg",6,"/assets/images/foodish/idly/idly55.jpg",,1,"2022-02-02"
373,"idly56.jpg",6,"/assets/images/foodish/idly/idly56.jpg",,1,"2022-02-02"
374,"idly57.jpg",6,"/assets/images/foodish/idly/idly57.jpg",,1,"2022-02-02"
387,"idly69.jpg",6,"/assets/images/foodish/idly/idly69.jpg",,1,"2022-02-02"
410,"pasta18.jpg",7,"/assets/images/foodish/pasta/pasta18.jpg",,1,"2022-02-02"
411,"pasta19.jpg",7,"/assets/images/foodish/pasta/pasta19.jpg",,1,"2022-02-02"
412,"pasta2.jpg",7,"/assets/images/foodish/pasta/pasta2.jpg",,1,"2022-02-02"
413,"pasta20.jpg",7,"/assets/images/foodish/pasta/pasta20.jpg",,1,"2022-02-02"
414,"pasta21.jpg",7,"/assets/images/foodish/pasta/pasta21.jpg",,1,"2022-02-02"
415,"pasta22.jpg",7,"/assets/images/foodish/pasta/pasta22.jpg",,1,"2022-02-02"
416,"pasta23.jpg",7,"/assets/images/foodish/pasta/pasta23.jpg",,1,"2022-02-02"
417,"pasta24.jpg",7,"/assets/images/foodish/pasta/pasta24.jpg",,1,"2022-02-02"
418,"pasta25.jpg",7,"/assets/images/foodish/pasta/pasta25.jpg",,1,"2022-02-02"
419,"pasta26.jpg",7,"/assets/images/foodish/pasta/pasta26.jpg",,1,"2022-02-02"
420,"pasta27.jpg",7,"/assets/images/foodish/pasta/pasta27.jpg",,1,"2022-02-02"
421,"pasta28.jpg",7,"/assets/images/foodish/pasta/pasta28.jpg",,1,"2022-02-02"
422,"pasta29.jpg",7,"/assets/images/foodish/pasta/pasta29.jpg",,1,"2022-02-02"
462,"pizza32.jpg",8,"/assets/images/foodish/pizza/pizza32.jpg",,1,"2022-02-02"
463,"pizza33.jpg",8,"/assets/images/foodish/pizza/pizza33.jpg",,1,"2022-02-02"
464,"pizza34.jpg",8,"/assets/images/foodish/pizza/pizza34.jpg",,1,"2022-02-02"
465,"pizza35.jpg",8,"/assets/images/foodish/pizza/pizza35.jpg",,1,"2022-02-02"
466,"pizza36.jpg",8,"/assets/images/foodish/pizza/pizza36.jpg",,1,"2022-02-02"
467,"pizza37.jpg",8,"/assets/images/foodish/pizza/pizza37.jpg",,1,"2022-02-02"
468,"pizza38.jpg",8,"/assets/images/foodish/pizza/pizza38.jpg",,1,"2022-02-02"
469,"pizza39.jpg",8,"/assets/images/foodish/pizza/pizza39.jpg",,1,"2022-02-02"
470,"pizza4.jpg",8,"/assets/images/foodish/pizza/pizza4.jpg",,1,"2022-02-02"
471,"pizza40.jpg",8,"/assets/images/foodish/pizza/pizza40.jpg",,1,"2022-02-02"
472,"pizza41.jpg",8,"/assets/images/foodish/pizza/pizza41.jpg",,1,"2022-02-02"
473,"pizza42.jpg",8,"/assets/images/foodish/pizza/pizza42.jpg",,1,"2022-02-02"
474,"pizza43.jpg",8,"/assets/images/foodish/pizza/pizza43.jpg",,1,"2022-02-02"
475,"pizza44.jpg",8,"/assets/images/foodish/pizza/pizza44.jpg",,1,"2022-02-02"
476,"pizza45.jpg",8,"/assets/images/foodish/pizza/pizza45.jpg",,1,"2022-02-02"
247,"dosa19.jpg",5,"/assets/images/foodish/dosa/dosa19.jpg",,1,"2022-02-02"
248,"dosa2.jpg",5,"/assets/images/foodish/dosa/dosa2.jpg",,1,"2022-02-02"
14,"biryani2.jpg",1,"/assets/images/foodish/biryani/biryani2.jpg",,1,"2022-02-02"
15,"biryani20.jpg",1,"/assets/images/foodish/biryani/biryani20.jpg",,1,"2022-02-02"
16,"biryani21.jpg",1,"/assets/images/foodish/biryani/biryani21.jpg",,1,"2022-02-02"
17,"biryani22.jpg",1,"/assets/images/foodish/biryani/biryani22.jpg",,1,"2022-02-02"
18,"biryani23.jpg",1,"/assets/images/foodish/biryani/biryani23.jpg",,1,"2022-02-02"
19,"biryani24.jpg",1,"/assets/images/foodish/biryani/biryani24.jpg",,1,"2022-02-02"
20,"biryani25.jpg",1,"/assets/images/foodish/biryani/biryani25.jpg",,1,"2022-02-02"
21,"biryani26.jpg",1,"/assets/images/foodish/biryani/biryani26.jpg",,1,"2022-02-02"
249,"dosa20.jpg",5,"/assets/images/foodish/dosa/dosa20.jpg",,1,"2022-02-02"
250,"dosa21.jpg",5,"/assets/images/foodish/dosa/dosa21.jpg",,1,"2022-02-02"
162,"burger79.jpg",2,"/assets/images/foodish/burger/burger79.jpg",,1,"2022-02-02"
163,"burger8.jpg",2,"/assets/images/foodish/burger/burger8.jpg",,1,"2022-02-02"
251,"dosa22.jpg",5,"/assets/images/foodish/dosa/dosa22.jpg",,1,"2022-02-02"
252,"dosa23.jpg",5,"/assets/images/foodish/dosa/dosa23.jpg",,1,"2022-02-02"
337,"idly23.jpg",6,"/assets/images/foodish/idly/idly23.jpg",,1,"2022-02-02"
338,"idly24.jpg",6,"/assets/images/foodish/idly/idly24.jpg",,1,"2022-02-02"
339,"idly25.jpg",6,"/assets/images/foodish/idly/idly25.jpg",,1,"2022-02-02"
340,"idly26.jpg",6,"/assets/images/foodish/idly/idly26.jpg",,1,"2022-02-02"
341,"idly27.jpg",6,"/assets/images/foodish/idly/idly27.jpg",,1,"2022-02-02"
342,"idly28.jpg",6,"/assets/images/foodish/idly/idly28.jpg",,1,"2022-02-02"
343,"idly29.jpg",6,"/assets/images/foodish/idly/idly29.jpg",,1,"2022-02-02"
344,"idly3.jpg",6,"/assets/images/foodish/idly/idly3.jpg",,1,"2022-02-02"
322,"idly1.jpg",6,"/assets/images/foodish/idly/idly1.jpg",,1,"2022-02-02"
323,"idly10.jpg",6,"/assets/images/foodish/idly/idly10.jpg",,1,"2022-02-02"
324,"idly11.jpg",6,"/assets/images/foodish/idly/idly11.jpg",,1,"2022-02-02"
423,"pasta3.jpg",7,"/assets/images/foodish/pasta/pasta3.jpg",,1,"2022-02-02"
424,"pasta30.jpg",7,"/assets/images/foodish/pasta/pasta30.jpg",,1,"2022-02-02"
425,"pasta31.jpg",7,"/assets/images/foodish/pasta/pasta31.jpg",,1,"2022-02-02"
426,"pasta32.jpg",7,"/assets/images/foodish/pasta/pasta32.jpg",,1,"2022-02-02"
427,"pasta33.jpg",7,"/assets/images/foodish/pasta/pasta33.jpg",,1,"2022-02-02"
428,"pasta34.jpg",7,"/assets/images/foodish/pasta/pasta34.jpg",,1,"2022-02-02"
429,"pasta4.jpg",7,"/assets/images/foodish/pasta/pasta4.jpg",,1,"2022-02-02"
477,"pizza46.jpg",8,"/assets/images/foodish/pizza/pizza46.jpg",,1,"2022-02-02"
478,"pizza47.jpg",8,"/assets/images/foodish/pizza/pizza47.jpg",,1,"2022-02-02"
479,"pizza48.jpg",8,"/assets/images/foodish/pizza/pizza48.jpg",,1,"2022-02-02"
480,"pizza49.jpg",8,"/assets/images/foodish/pizza/pizza49.jpg",,1,"2022-02-02"
481,"pizza5.jpg",8,"/assets/images/foodish/pizza/pizza5.jpg",,1,"2022-02-02"
482,"pizza50.jpg",8,"/assets/images/foodish/pizza/pizza50.jpg",,1,"2022-02-02"
483,"pizza51.jpg",8,"/assets/images/foodish/pizza/pizza51.jpg",,1,"2022-02-02"
518,"pizza83.jpg",8,"/assets/images/foodish/pizza/pizza83.jpg",,1,"2022-02-02"
519,"pizza84.jpg",8,"/assets/images/foodish/pizza/pizza84.jpg",,1,"2022-02-02"
520,"pizza85.jpg",8,"/assets/images/foodish/pizza/pizza85.jpg",,1,"2022-02-02"
523,"pizza88.jpg",8,"/assets/images/foodish/pizza/pizza88.jpg",,1,"2022-02-02"
524,"pizza89.jpg",8,"/assets/images/foodish/pizza/pizza89.jpg",,1,"2022-02-02"
453,"pizza24.jpg",8,"/assets/images/foodish/pizza/pizza24.jpg",,1,"2022-02-02"
447,"pizza19.jpg",8,"/assets/images/foodish/pizza/pizza19.jpg",,1,"2022-02-02"
388,"idly7.jpg",6,"/assets/images/foodish/idly/idly7.jpg",,1,"2022-02-02"
389,"idly70.jpg",6,"/assets/images/foodish/idly/idly70.jpg",,1,"2022-02-02"
506,"pizza72.jpg",8,"/assets/images/foodish/pizza/pizza72.jpg",,1,"2022-02-02"
507,"pizza73.jpg",8,"/assets/images/foodish/pizza/pizza73.jpg",,1,"2022-02-02"
508,"pizza74.jpg",8,"/assets/images/foodish/pizza/pizza74.jpg",,1,"2022-02-02"
509,"pizza75.jpg",8,"/assets/images/foodish/pizza/pizza75.jpg",,1,"2022-02-02"
510,"pizza76.jpg",8,"/assets/images/foodish/pizza/pizza76.jpg",,1,"2022-02-02"
511,"pizza77.jpg",8,"/assets/images/foodish/pizza/pizza77.jpg",,1,"2022-02-02"
545,"rice2.jpg",9,"/assets/images/foodish/rice/rice2.jpg",,1,"2022-02-02"
186,"butter-chicken2.jpg",3,"/assets/images/foodish/butter-chicken/butter-chicken2.jpg",,1,"2022-02-02"
187,"butter-chicken20.jpg",3,"/assets/images/foodish/butter-chicken/butter-chicken20.jpg",,1,"2022-02-02"
188,"butter-chicken21.jpg",3,"/assets/images/foodish/butter-chicken/butter-chicken21.jpg",,1,"2022-02-02"
189,"butter-chicken22.jpg",3,"/assets/images/foodish/butter-chicken/butter-chicken22.jpg",,1,"2022-02-02"
546,"rice20.jpg",9,"/assets/images/foodish/rice/rice20.jpg",,1,"2022-02-02"
565,"rice6.jpg",9,"/assets/images/foodish/rice/rice6.jpg",,1,"2022-02-02"
566,"rice7.jpg",9,"/assets/images/foodish/rice/rice7.jpg",,1,"2022-02-02"
567,"rice8.jpg",9,"/assets/images/foodish/rice/rice8.jpg",,1,"2022-02-02"
568,"rice9.jpg",9,"/assets/images/foodish/rice/rice9.jpg",,1,"2022-02-02"
536,"rice11.jpg",9,"/assets/images/foodish/rice/rice11.jpg",,1,"2022-02-02"
190,"butter-chicken3.jpg",3,"/assets/images/foodish/butter-chicken/butter-chicken3.jpg",,1,"2022-02-02"
191,"butter-chicken4.jpg",3,"/assets/images/foodish/butter-chicken/butter-chicken4.jpg",,1,"2022-02-02"
192,"butter-chicken5.jpg",3,"/assets/images/foodish/butter-chicken/butter-chicken5.jpg",,1,"2022-02-02"
232,"dessert7.jpg",4,"/assets/images/foodish/dessert/dessert7.jpg",,1,"2022-02-02"
233,"dessert8.jpg",4,"/assets/images/foodish/dessert/dessert8.jpg",,1,"2022-02-02"
234,"dessert9.jpg",4,"/assets/images/foodish/dessert/dessert9.jpg",,1,"2022-02-02"
295,"dosa62.jpg",5,"/assets/images/foodish/dosa/dosa62.jpg",,1,"2022-02-02"
296,"dosa63.jpg",5,"/assets/images/foodish/dosa/dosa63.jpg",,1,"2022-02-02"
297,"dosa64.jpg",5,"/assets/images/foodish/dosa/dosa64.jpg",,1,"2022-02-02"
298,"dosa65.jpg",5,"/assets/images/foodish/dosa/dosa65.jpg",,1,"2022-02-02"
299,"dosa66.jpg",5,"/assets/images/foodish/dosa/dosa66.jpg",,1,"2022-02-02"
300,"dosa67.jpg",5,"/assets/images/foodish/dosa/dosa67.jpg",,1,"2022-02-02"
301,"dosa68.jpg",5,"/assets/images/foodish/dosa/dosa68.jpg",,1,"2022-02-02"
302,"dosa69.jpg",5,"/assets/images/foodish/dosa/dosa69.jpg",,1,"2022-02-02"
262,"dosa32.jpg",5,"/assets/images/foodish/dosa/dosa32.jpg",,1,"2022-02-02"
147,"burger65.jpg",2,"/assets/images/foodish/burger/burger65.jpg",,1,"2022-02-02"
148,"burger66.jpg",2,"/assets/images/foodish/burger/burger66.jpg",,1,"2022-02-02"
149,"burger67.jpg",2,"/assets/images/foodish/burger/burger67.jpg",,1,"2022-02-02"
150,"burger68.jpg",2,"/assets/images/foodish/burger/burger68.jpg",,1,"2022-02-02"
151,"burger69.jpg",2,"/assets/images/foodish/burger/burger69.jpg",,1,"2022-02-02"
152,"burger7.jpg",2,"/assets/images/foodish/burger/burger7.jpg",,1,"2022-02-02"
153,"burger70.jpg",2,"/assets/images/foodish/burger/burger70.jpg",,1,"2022-02-02"
154,"burger71.jpg",2,"/assets/images/foodish/burger/burger71.jpg",,1,"2022-02-02"
512,"pizza78.jpg",8,"/assets/images/foodish/pizza/pizza78.jpg",,1,"2022-02-02"
513,"pizza79.jpg",8,"/assets/images/foodish/pizza/pizza79.jpg",,1,"2022-02-02"
514,"pizza8.jpg",8,"/assets/images/foodish/pizza/pizza8.jpg",,1,"2022-02-02"
515,"pizza80.jpg",8,"/assets/images/foodish/pizza/pizza80.jpg",,1,"2022-02-02"
516,"pizza81.jpg",8,"/assets/images/foodish/pizza/pizza81.jpg",,1,"2022-02-02"
517,"pizza82.jpg",8,"/assets/images/foodish/pizza/pizza82.jpg",,1,"2022-02-02"
537,"rice12.jpg",9,"/assets/images/foodish/rice/rice12.jpg",,1,"2022-02-02"
538,"rice13.jpg",9,"/assets/images/foodish/rice/rice13.jpg",,1,"2022-02-02"
539,"rice14.jpg",9,"/assets/images/foodish/rice/rice14.jpg",,1,"2022-02-02"
540,"rice15.jpg",9,"/assets/images/foodish/rice/rice15.jpg",,1,"2022-02-02"
575,"samosa13.jpg",10,"/assets/images/foodish/samosa/samosa13.jpg",,1,"2022-02-02"
576,"samosa14.jpg",10,"/assets/images/foodish/samosa/samosa14.jpg",,1,"2022-02-02"
577,"samosa15.jpg",10,"/assets/images/foodish/samosa/samosa15.jpg",,1,"2022-02-02"
578,"samosa16.jpg",10,"/assets/images/foodish/samosa/samosa16.jpg",,1,"2022-02-02"
579,"samosa17.jpg",10,"/assets/images/foodish/samosa/samosa17.jpg",,1,"2022-02-02"
222,"dessert30.jpg",4,"/assets/images/foodish/dessert/dessert30.jpg",,1,"2022-02-02"
223,"dessert31.jpg",4,"/assets/images/foodish/dessert/dessert31.jpg",,1,"2022-02-02"
224,"dessert32.jpg",4,"/assets/images/foodish/dessert/dessert32.jpg",,1,"2022-02-02"
225,"dessert33.jpg",4,"/assets/images/foodish/dessert/dessert33.jpg",,1,"2022-02-02"
226,"dessert34.jpg",4,"/assets/images/foodish/dessert/dessert34.jpg",,1,"2022-02-02"
227,"dessert35.jpg",4,"/assets/images/foodish/dessert/dessert35.jpg",,1,"2022-02-02"
228,"dessert36.jpg",4,"/assets/images/foodish/dessert/dessert36.jpg",,1,"2022-02-02"
229,"dessert4.jpg",4,"/assets/images/foodish/dessert/dessert4.jpg",,1,"2022-02-02"
353,"idly38.jpg",6,"/assets/images/foodish/idly/idly38.jpg",,1,"2022-02-02"
354,"idly39.jpg",6,"/assets/images/foodish/idly/idly39.jpg",,1,"2022-02-02"
355,"idly4.jpg",6,"/assets/images/foodish/idly/idly4.jpg",,1,"2022-02-02"
356,"idly40.jpg",6,"/assets/images/foodish/idly/idly40.jpg",,1,"2022-02-02"
357,"idly41.jpg",6,"/assets/images/foodish/idly/idly41.jpg",,1,"2022-02-02"
358,"idly42.jpg",6,"/assets/images/foodish/idly/idly42.jpg",,1,"2022-02-02"
359,"idly43.jpg",6,"/assets/images/foodish/idly/idly43.jpg",,1,"2022-02-02"
360,"idly44.jpg",6,"/assets/images/foodish/idly/idly44.jpg",,1,"2022-02-02"
361,"idly45.jpg",6,"/assets/images/foodish/idly/idly45.jpg",,1,"2022-02-02"
362,"idly46.jpg",6,"/assets/images/foodish/idly/idly46.jpg",,1,"2022-02-02"
363,"idly47.jpg",6,"/assets/images/foodish/idly/idly47.jpg",,1,"2022-02-02"
364,"idly48.jpg",6,"/assets/images/foodish/idly/idly48.jpg",,1,"2022-02-02"
365,"idly49.jpg",6,"/assets/images/foodish/idly/idly49.jpg",,1,"2022-02-02"
46,"biryani49.jpg",1,"/assets/images/foodish/biryani/biryani49.jpg",,1,"2022-02-02"
47,"biryani5.jpg",1,"/assets/images/foodish/biryani/biryani5.jpg",,1,"2022-02-02"
48,"biryani50.jpg",1,"/assets/images/foodish/biryani/biryani50.jpg",,1,"2022-02-02"
49,"biryani51.jpg",1,"/assets/images/foodish/biryani/biryani51.jpg",,1,"2022-02-02"
50,"biryani52.jpg",1,"/assets/images/foodish/biryani/biryani52.jpg",,1,"2022-02-02"
51,"biryani53.jpg",1,"/assets/images/foodish/biryani/biryani53.jpg",,1,"2022-02-02"
52,"biryani54.jpg",1,"/assets/images/foodish/biryani/biryani54.jpg",,1,"2022-02-02"
53,"biryani55.jpg",1,"/assets/images/foodish/biryani/biryani55.jpg",,1,"2022-02-02"
54,"biryani56.jpg",1,"/assets/images/foodish/biryani/biryani56.jpg",,1,"2022-02-02"
81,"biryani80.jpg",1,"/assets/images/foodish/biryani/biryani80.jpg",,1,"2022-02-02"
82,"biryani81.jpg",1,"/assets/images/foodish/biryani/biryani81.jpg",,1,"2022-02-02"
83,"biryani9.jpg",1,"/assets/images/foodish/biryani/biryani9.jpg",,1,"2022-02-02"
375,"idly58.jpg",6,"/assets/images/foodish/idly/idly58.jpg",,1,"2022-02-02"
376,"idly59.jpg",6,"/assets/images/foodish/idly/idly59.jpg",,1,"2022-02-02"
377,"idly6.jpg",6,"/assets/images/foodish/idly/idly6.jpg",,1,"2022-02-02"
378,"idly60.jpg",6,"/assets/images/foodish/idly/idly60.jpg",,1,"2022-02-02"
379,"idly61.jpg",6,"/assets/images/foodish/idly/idly61.jpg",,1,"2022-02-02"
380,"idly62.jpg",6,"/assets/images/foodish/idly/idly62.jpg",,1,"2022-02-02"
381,"idly63.jpg",6,"/assets/images/foodish/idly/idly63.jpg",,1,"2022-02-02"
382,"idly64.jpg",6,"/assets/images/foodish/idly/idly64.jpg",,1,"2022-02-02"
383,"idly65.jpg",6,"/assets/images/foodish/idly/idly65.jpg",,1,"2022-02-02"
384,"idly66.jpg",6,"/assets/images/foodish/idly/idly66.jpg",,1,"2022-02-02"
385,"idly67.jpg",6,"/assets/images/foodish/idly/idly67.jpg",,1,"2022-02-02"
386,"idly68.jpg",6,"/assets/images/foodish/idly/idly68.jpg",,1,"2022-02-02"
87,"burger10.jpg",2,"/assets/images/foodish/burger/burger10.jpg",,1,"2022-02-02"
88,"burger11.jpg",2,"/assets/images/foodish/burger/burger11.jpg",,1,"2022-02-02"
89,"burger12.jpg",2,"/assets/images/foodish/burger/burger12.jpg",,1,"2022-02-02"
90,"burger13.jpg",2,"/assets/images/foodish/burger/burger13.jpg",,1,"2022-02-02"
91,"burger14.jpg",2,"/assets/images/foodish/burger/burger14.jpg",,1,"2022-02-02"
92,"burger15.jpg",2,"/assets/images/foodish/burger/burger15.jpg",,1,"2022-02-02"
93,"burger16.jpg",2,"/assets/images/foodish/burger/burger16.jpg",,1,"2022-02-02"
94,"burger17.jpg",2,"/assets/images/foodish/burger/burger17.jpg",,1,"2022-02-02"
95,"burger18.jpg",2,"/assets/images/foodish/burger/burger18.jpg",,1,"2022-02-02"
96,"burger19.jpg",2,"/assets/images/foodish/burger/burger19.jpg",,1,"2022-02-02"
97,"burger2.jpg",2,"/assets/images/foodish/burger/burger2.jpg",,1,"2022-02-02"
98,"burger20.jpg",2,"/assets/images/foodish/burger/burger20.jpg",,1,"2022-02-02"
99,"burger21.jpg",2,"/assets/images/foodish/burger/burger21.jpg",,1,"2022-02-02"
100,"burger22.jpg",2,"/assets/images/foodish/burger/burger22.jpg",,1,"2022-02-02"
101,"burger23.jpg",2,"/assets/images/foodish/burger/burger23.jpg",,1,"2022-02-02"
325,"idly12.jpg",6,"/assets/images/foodish/idly/idly12.jpg",,1,"2022-02-02"
326,"idly13.jpg",6,"/assets/images/foodish/idly/idly13.jpg",,1,"2022-02-02"
327,"idly14.jpg",6,"/assets/images/foodish/idly/idly14.jpg",,1,"2022-02-02"
328,"idly15.jpg",6,"/assets/images/foodish/idly/idly15.jpg",,1,"2022-02-02"
329,"idly16.jpg",6,"/assets/images/foodish/idly/idly16.jpg",,1,"2022-02-02"
330,"idly17.jpg",6,"/assets/images/foodish/idly/idly17.jpg",,1,"2022-02-02"
331,"idly18.jpg",6,"/assets/images/foodish/idly/idly18.jpg",,1,"2022-02-02"
332,"idly19.jpg",6,"/assets/images/foodish/idly/idly19.jpg",,1,"2022-02-02"
333,"idly2.jpg",6,"/assets/images/foodish/idly/idly2.jpg",,1,"2022-02-02"
334,"idly20.jpg",6,"/assets/images/foodish/idly/idly20.jpg",,1,"2022-02-02"
430,"pasta5.jpg",7,"/assets/images/foodish/pasta/pasta5.jpg",,1,"2022-02-02"
431,"pasta6.jpg",7,"/assets/images/foodish/pasta/pasta6.jpg",,1,"2022-02-02"
432,"pasta7.jpg",7,"/assets/images/foodish/pasta/pasta7.jpg",,1,"2022-02-02"
433,"pasta8.jpg",7,"/assets/images/foodish/pasta/pasta8.jpg",,1,"2022-02-02"
434,"pasta9.jpg",7,"/assets/images/foodish/pasta/pasta9.jpg",,1,"2022-02-02"
454,"pizza25.jpg",8,"/assets/images/foodish/pizza/pizza25.jpg",,1,"2022-02-02"
455,"pizza26.jpg",8,"/assets/images/foodish/pizza/pizza26.jpg",,1,"2022-02-02"
456,"pizza27.jpg",8,"/assets/images/foodish/pizza/pizza27.jpg",,1,"2022-02-02"
457,"pizza28.jpg",8,"/assets/images/foodish/pizza/pizza28.jpg",,1,"2022-02-02"
458,"pizza29.jpg",8,"/assets/images/foodish/pizza/pizza29.jpg",,1,"2022-02-02"
525,"pizza9.jpg",8,"/assets/images/foodish/pizza/pizza9.jpg",,1,"2022-02-02"
526,"pizza90.jpg",8,"/assets/images/foodish/pizza/pizza90.jpg",,1,"2022-02-02"
527,"pizza91.jpg",8,"/assets/images/foodish/pizza/pizza91.jpg",,1,"2022-02-02"
528,"pizza92.jpg",8,"/assets/images/foodish/pizza/pizza92.jpg",,1,"2022-02-02"
529,"pizza93.jpg",8,"/assets/images/foodish/pizza/pizza93.jpg",,1,"2022-02-02"
530,"pizza94.jpg",8,"/assets/images/foodish/pizza/pizza94.jpg",,1,"2022-02-02"
531,"pizza95.jpg",8,"/assets/images/foodish/pizza/pizza95.jpg",,1,"2022-02-02"
437,"pizza1.jpg",8,"/assets/images/foodish/pizza/pizza1.jpg",,1,"2022-02-02"
438,"pizza10.jpg",8,"/assets/images/foodish/pizza/pizza10.jpg",,1,"2022-02-02"
439,"pizza11.jpg",8,"/assets/images/foodish/pizza/pizza11.jpg",,1,"2022-02-02"
440,"pizza12.jpg",8,"/assets/images/foodish/pizza/pizza12.jpg",,1,"2022-02-02"
441,"pizza13.jpg",8,"/assets/images/foodish/pizza/pizza13.jpg",,1,"2022-02-02"
442,"pizza14.jpg",8,"/assets/images/foodish/pizza/pizza14.jpg",,1,"2022-02-02"
443,"pizza15.jpg",8,"/assets/images/foodish/pizza/pizza15.jpg",,1,"2022-02-02"
444,"pizza16.jpg",8,"/assets/images/foodish/pizza/pizza16.jpg",,1,"2022-02-02"
445,"pizza17.jpg",8,"/assets/images/foodish/pizza/pizza17.jpg",,1,"2022-02-02"
446,"pizza18.jpg",8,"/assets/images/foodish/pizza/pizza18.jpg",,1,"2022-02-02"
558,"rice31.jpg",9,"/assets/images/foodish/rice/rice31.jpg",,1,"2022-02-02"
559,"rice32.jpg",9,"/assets/images/foodish/rice/rice32.jpg",,1,"2022-02-02"
560,"rice33.jpg",9,"/assets/images/foodish/rice/rice33.jpg",,1,"2022-02-02"
561,"rice34.jpg",9,"/assets/images/foodish/rice/rice34.jpg",,1,"2022-02-02"
562,"rice35.jpg",9,"/assets/images/foodish/rice/rice35.jpg",,1,"2022-02-02"
484,"pizza52.jpg",8,"/assets/images/foodish/pizza/pizza52.jpg",,1,"2022-02-02"
485,"pizza53.jpg",8,"/assets/images/foodish/pizza/pizza53.jpg",,1,"2022-02-02"
486,"pizza54.jpg",8,"/assets/images/foodish/pizza/pizza54.jpg",,1,"2022-02-02"
487,"pizza55.jpg",8,"/assets/images/foodish/pizza/pizza55.jpg",,1,"2022-02-02"
488,"pizza56.jpg",8,"/assets/images/foodish/pizza/pizza56.jpg",,1,"2022-02-02"
489,"pizza57.jpg",8,"/assets/images/foodish/pizza/pizza57.jpg",,1,"2022-02-02"
490,"pizza58.jpg",8,"/assets/images/foodish/pizza/pizza58.jpg",,1,"2022-02-02"
491,"pizza59.jpg",8,"/assets/images/foodish/pizza/pizza59.jpg",,1,"2022-02-02"
492,"pizza6.jpg",8,"/assets/images/foodish/pizza/pizza6.jpg",,1,"2022-02-02"
493,"pizza60.jpg",8,"/assets/images/foodish/pizza/pizza60.jpg",,1,"2022-02-02"
494,"pizza61.jpg",8,"/assets/images/foodish/pizza/pizza61.jpg",,1,"2022-02-02"
495,"pizza62.jpg",8,"/assets/images/foodish/pizza/pizza62.jpg",,1,"2022-02-02"
496,"pizza63.jpg",8,"/assets/images/foodish/pizza/pizza63.jpg",,1,"2022-02-02"
140,"burger59.jpg",2,"/assets/images/foodish/burger/burger59.jpg",,1,"2022-02-02"
141,"burger6.jpg",2,"/assets/images/foodish/burger/burger6.jpg",,1,"2022-02-02"
142,"burger60.jpg",2,"/assets/images/foodish/burger/burger60.jpg",,1,"2022-02-02"
160,"burger77.jpg",2,"/assets/images/foodish/burger/burger77.jpg",,1,"2022-02-02"
164,"burger80.jpg",2,"/assets/images/foodish/burger/burger80.jpg",,1,"2022-02-02"
165,"burger81.jpg",2,"/assets/images/foodish/burger/burger81.jpg",,1,"2022-02-02"
166,"burger82.jpg",2,"/assets/images/foodish/burger/burger82.jpg",,1,"2022-02-02"
167,"burger83.jpg",2,"/assets/images/foodish/burger/burger83.jpg",,1,"2022-02-02"
168,"burger84.jpg",2,"/assets/images/foodish/burger/burger84.jpg",,1,"2022-02-02"
169,"burger85.jpg",2,"/assets/images/foodish/burger/burger85.jpg",,1,"2022-02-02"
170,"burger86.jpg",2,"/assets/images/foodish/burger/burger86.jpg",,1,"2022-02-02"
171,"burger87.jpg",2,"/assets/images/foodish/burger/burger87.jpg",,1,"2022-02-02"
172,"burger9.jpg",2,"/assets/images/foodish/burger/burger9.jpg",,1,"2022-02-02"
497,"pizza64.jpg",8,"/assets/images/foodish/pizza/pizza64.jpg",,1,"2022-02-02"
498,"pizza65.jpg",8,"/assets/images/foodish/pizza/pizza65.jpg",,1,"2022-02-02"
499,"pizza66.jpg",8,"/assets/images/foodish/pizza/pizza66.jpg",,1,"2022-02-02"
500,"pizza67.jpg",8,"/assets/images/foodish/pizza/pizza67.jpg",,1,"2022-02-02"
501,"pizza68.jpg",8,"/assets/images/foodish/pizza/pizza68.jpg",,1,"2022-02-02"
502,"pizza69.jpg",8,"/assets/images/foodish/pizza/pizza69.jpg",,1,"2022-02-02"
503,"pizza7.jpg",8,"/assets/images/foodish/pizza/pizza7.jpg",,1,"2022-02-02"
504,"pizza70.jpg",8,"/assets/images/foodish/pizza/pizza70.jpg",,1,"2022-02-02"
505,"pizza71.jpg",8,"/assets/images/foodish/pizza/pizza71.jpg",,1,"2022-02-02"
580,"samosa18.jpg",10,"/assets/images/foodish/samosa/samosa18.jpg",,1,"2022-02-02"
581,"samosa19.jpg",10,"/assets/images/foodish/samosa/samosa19.jpg",,1,"2022-02-02"
